Sample,percent_rrna,ratio_rrna,log_tranform_ratio
Total,91.916428,0.91916428,-0.036606861
Total,91.9969515,0.919969515,-0.036226564
Total,92.01123275,0.920112328,-0.03615915
Poly(A),6.3632105,0.063632105,-1.19632371
Poly(A),4.84468425,0.048446843,-1.314734523
Poly(A),4.8596085,0.04859609,-1.313398717
RNaseH,1.649550125,0.016495501,-1.782634483
RNaseH,2.2590195,0.022590195,-1.64608002
RNaseH,1.862083,0.01862083,-1.730000965