Sample,percent_rrna,ratio_rrna,log_tranform_ratio
Total,90.8836722,0.908836722,-0.041514133
Total,90.1719462,0.901719462,-0.044928557
Total,91.5219612,0.915219612,-0.038474682
Poly(A),3.38396875,0.033839688,-1.470573656
Poly(A),3.2774525,0.032774525,-1.484463594
Poly(A),3.99613375,0.039961338,-1.398359984
RiboZero,21.0184538,0.210184538,-0.677399236
RiboZero,25.4960452,0.254960452,-0.59352718
RiboZero,85.3116748,0.853116748,-0.068991532